run,dataset
384331,/Global/Online/ALL/
384332,/Global/Online/ALL/
384348,/Global/Online/ALL/
384365,/Global/Online/ALL/
384372,/Global/Online/ALL/
384377,/Global/Online/ALL/
384378,/Global/Online/ALL/
384382,/Global/Online/ALL/
384383,/Global/Online/ALL/
384406,/Global/Online/ALL/
384411,/Global/Online/ALL/
384413,/Global/Online/ALL/
384446,/Global/Online/ALL/
384462,/Global/Online/ALL/
384464,/Global/Online/ALL/
384465,/Global/Online/ALL/
384467,/Global/Online/ALL/
384468,/Global/Online/ALL/
384492,/Global/Online/ALL/
384526,/Global/Online/ALL/
384530,/Global/Online/ALL/
384535,/Global/Online/ALL/
384539,/Global/Online/ALL/
384544,/Global/Online/ALL/
384560,/Global/Online/ALL/
384564,/Global/Online/ALL/
384565,/Global/Online/ALL/
384579,/Global/Online/ALL/
384591,/Global/Online/ALL/
384593,/Global/Online/ALL/
384598,/Global/Online/ALL/
384609,/Global/Online/ALL/
384610,/Global/Online/ALL/
384611,/Global/Online/ALL/
384613,/Global/Online/ALL/
384614,/Global/Online/ALL/
384638,/Global/Online/ALL/
384644,/Global/Online/ALL/
384652,/Global/Online/ALL/